frame_index,5Mbps,10Mbps,15Mbps,20Mbps,25Mbps,30Mbps,35Mbps,40Mbps,45Mbps,50Mbps,55Mbps,60Mbps,65Mbps,70Mbps,75Mbps,80Mbps,85Mbps,90Mbps,95Mbps,100Mbps
0,12916,12916,22185,33184,40442,50733,58390,67593,72400,83024,88626,95232,101397,108868,115866,123950,131791,140147,149614,149614
1,577,577,712,1585,1737,2168,2035,2180,2381,2344,2556,2554,2707,2704,2923,2872,2874,3111,3077,3077
2,1532,69128,71439,65363,57562,47129,39323,28909,23762,14650,12965,11665,10966,10452,10347,10073,9821,9868,9576,9576
3,765,630,707,2020,3382,6204,8326,8609,8943,8918,8515,8602,8188,8002,8012,8049,7872,7890,7778,7778
4,56895,36320,59502,122246,135615,160947,167339,187149,197962,217997,227803,233058,227716,221220,216053,210530,203977,195297,185354,185354
5,699,686,923,1848,2488,2793,2758,3042,2994,3276,3292,3206,3864,4563,4838,5215,5646,6169,6611,7262
6,1517,2992,3586,5227,6529,6985,6917,7568,7482,8138,8163,8114,9528,11209,12138,13126,14357,15723,17278,19176
7,1051,2307,2838,4340,5441,5864,5919,6276,6114,6772,6808,6736,7980,9018,9979,10956,11887,12711,13946,15208
8,21496,60800,86552,90819,114060,109360,104149,105937,102010,107229,103781,101407,126094,134569,144855,145442,158218,173537,174551,192629
9,600,647,2140,2953,3166,3182,3171,3463,4608,5415,6827,8621,7827,8646,9178,10137,10172,9799,10807,10814
10,2963,3042,5711,7204,7742,7757,7623,8379,11503,13466,17748,23932,23458,23393,24715,27890,27032,29215,28793,32242
11,2161,2134,4723,5180,5557,5635,6280,6766,9568,11222,13844,18171,18229,18123,19918,21222,21491,23373,23213,25561
12,11606,58952,75311,77687,73766,71565,78692,84120,113785,114743,135539,159858,156179,155510,161568,175094,168977,164837,164143,171618
13,2089,1892,2840,3382,3407,3413,6113,8406,7823,9132,9125,8413,9947,11680,12779,13986,15119,17938,19456,21456
14,6363,5413,7450,8631,8463,8630,15207,21344,18808,22249,21853,19844,23476,27709,29606,33102,36358,46110,46319,50237
15,4225,4512,6144,6450,6593,7197,12757,17512,15926,18489,18516,17089,20115,23408,25056,27985,30319,38037,37487,40911
16,24521,44964,46193,79534,84573,91676,139481,171826,146736,170967,162109,142161,153091,173857,171227,182019,195062,222709,222611,219542
17,829,2366,3354,4036,4045,4282,4759,4747,6614,6086,8271,12533,13466,13531,15542,15596,17186,15535,18404,19926
18,3814,6666,8469,9961,9994,10671,11546,11437,15416,14191,19145,28936,30472,30201,36005,35390,39186,35407,40921,43909
19,2961,5617,7263,7682,7793,9549,9970,9914,13078,12185,16098,24258,26047,25737,30427,30922,33715,30987,35334,38132
20,19959,28919,50065,38286,49031,57064,57475,54705,71417,63332,81107,108025,111988,109466,116946,115965,123518,113258,121010,130230
21,948,3773,4309,4641,5010,10894,12537,12731,20988,24484,26768,25808,28413,33791,37476,40727,44421,53833,58394,57587
22,4291,8854,9432,9927,10734,23463,27008,27370,46418,49361,57255,55168,59986,71931,78276,82591,86477,87571,92125,98622
23,3297,7209,8077,7950,9322,19776,23068,22742,37609,41524,46762,47524,51187,60909,65859,68785,73070,73086,76706,82232
24,8969,27908,21807,39447,51564,71988,86848,103730,102488,117056,123704,137046,145853,156129,166381,178371,189422,205707,243404,242594
25,2410,3443,3732,4481,4973,11653,12553,11541,15796,17017,19995,19693,21386,22914,25119,25221,27284,24886,20922,24778
26,6659,7839,8257,9442,10305,24339,26167,23488,32742,34666,41448,41170,44316,48215,51210,51350,55289,50685,43286,50632
27,3394,5843,6349,6645,8024,19138,20521,19063,25990,28110,33545,33442,35978,38567,41238,41985,44862,41583,35573,41321
28,10778,16700,29653,44275,62375,77377,90769,110801,119957,125332,141651,161235,158527,166156,177141,177588,176681,171734,148654,169629
29,2022,2815,3632,3898,6698,9824,10468,9853,12218,14310,14148,13267,16591,19206,19352,22247,26968,31018,41151,36478
30,5556,7653,8829,9280,14669,21324,23027,21170,26959,31500,31784,29061,36990,43463,43376,50711,60661,71721,87328,85865
31,3487,5493,6738,6212,10937,16218,17732,16395,20778,24640,24417,22597,29679,34818,34474,41216,49839,57131,67987,67374
32,14986,22479,31438,42889,62489,72630,88924,94774,113783,126317,124800,116388,130165,139832,139085,158579,169789,184890,234477,231969
33,750,2737,3171,3456,7195,9901,9844,11678,11653,12567,14855,19325,21159,22784,27988,28173,27447,27448,19138,22529
34,3789,7993,8508,8934,16510,23117,22592,26933,26390,28379,33626,43710,47405,50699,61148,61180,60149,59516,42089,48866
35,2270,5398,6133,5816,12384,17071,16759,19842,19865,21471,25298,33596,35672,38909,45955,46282,45688,46690,32817,37795
36,11957,26634,36684,42732,56302,73625,83742,97394,102210,108577,113537,132777,141150,150960,161913,160797,159136,156865,125988,145543
37,1141,2046,2425,2765,8001,8552,9241,9820,11927,12974,15536,15339,16711,18288,20359,25012,27667,34111,47654,46872
38,3965,6093,6534,6834,20354,21415,23391,25058,29641,32992,39775,39082,42127,45318,49766,60266,65256,74766,80393,91942
39,3113,5286,5850,6276,17129,18230,19861,21578,25186,28086,32418,32472,34476,37877,40466,48304,51743,58240,61879,68950
40,14117,29689,41850,55639,67034,88987,103767,118022,121902,128012,137822,134958,142840,151863,151086,174117,175017,222556,223819,268182
41,1523,3313,3649,4446,9059,8258,8322,8870,11273,12994,14257,18463,19936,21592,26648,24189,29062,19836,23672,16445
42,4853,8011,8518,10027,21033,18914,19088,20609,26146,30591,33163,43292,46836,50447,59651,54275,65582,45961,53853,39464
43,3462,6201,5997,8001,16159,14926,14822,15936,20269,23860,26112,34342,37684,40694,48802,44072,53557,37384,43851,32215
44,12517,18973,32802,42514,52633,65558,87899,85592,102772,116855,115448,131629,139128,147769,158602,145132,168677,131467,140093,120262
45,2076,2830,3329,6116,8809,10102,10939,14061,14322,15127,19635,19573,21406,24062,26353,34018,30931,50017,49665,57400
46,6542,7732,8083,15389,21476,24730,26817,34236,33810,36680,46213,45585,49649,53274,57796,72398,67715,88447,93821,83416
47,3809,5686,6292,11336,15820,18469,19787,24919,24747,26911,33925,33732,36260,39346,42802,53642,50457,63539,68101,59656
48,12603,21617,30585,48249,59084,72581,81400,94336,99433,118421,126464,133936,141854,140227,149056,195356,160935,209838,230216,208842
49,1587,2429,2771,5904,8672,10041,10805,11625,13962,13502,16801,18678,20163,25266,27372,18522,35688,22451,22171,29482
50,4979,6434,6666,14541,20664,24246,26038,27673,33707,32945,39130,41871,45273,54953,60608,41033,72552,48944,48292,64487
51,3480,5121,5463,11679,16305,19218,20695,22102,26771,26297,31335,33625,36649,43183,46267,33794,55066,39713,39984,49208
52,15015,23756,38296,58889,66237,81850,92975,106245,118503,124732,133976,141337,149587,159543,173316,134941,216484,143403,141666,166647
53,892,2406,3117,5688,7193,7903,9130,9903,10732,12389,13512,15891,17315,19069,18998,33197,16061,40194,46248,42544
54,3945,6906,7888,13774,17631,18929,22271,24273,25937,30623,33614,39320,42642,45777,45667,74110,38576,83457,88281,87100
55,2824,4932,5922,10524,13413,14634,17147,18337,20038,23550,25786,29880,32039,34317,34517,53289,29582,59183,62176,62471
56,14979,24351,36594,52974,65063,87331,101913,106572,112830,116896,123633,131202,138861,147050,144753,216477,124488,235077,255298,251516
57,1622,2529,3168,5637,7113,7126,7740,9693,11450,13330,16060,17561,18857,20855,24854,13283,40201,15935,16061,18830
58,4952,6432,7256,12895,16249,16062,17367,22447,26854,32142,37859,40678,43703,47016,57008,31244,74570,36848,36316,42601
59,3589,5083,6011,10505,13529,13224,14709,18823,21735,25633,29749,31970,34017,36982,44314,25344,56487,29273,29429,34169
60,12982,23180,39796,51660,63640,75817,79925,94243,104990,111187,119014,125944,132668,132352,154196,103872,200155,110788,109515,125900
61,1438,2536,3427,5769,7410,8842,11447,12057,13151,15331,16264,19429,21642,25010,23032,40311,19325,45921,36622,47875
62,4018,6249,7744,13364,17295,19876,25720,27068,29836,35017,37262,43714,48213,56715,51455,65411,42682,68741,69453,77091
63,3152,5149,6525,11720,14683,17183,22409,24521,26641,31407,33606,39600,42688,49881,46084,54622,39433,57817,58076,63943
64,13343,24692,35467,46766,58632,70609,84894,95304,106528,113879,120267,126221,135598,150097,145350,192006,121188,190331,187860,228162
65,1679,2591,4482,6852,9208,10096,10991,11700,12572,15069,16582,19749,21844,21732,28215,17828,46459,25788,27743,23667
66,4538,6170,9940,14980,21149,22734,24620,26059,28170,34486,36628,42561,46158,45535,59255,38591,82305,53745,58051,48936
67,3716,5067,8523,12551,17118,18762,20265,21665,23635,28346,30765,35709,39406,39522,49384,33186,65883,46739,50655,41994
68,12889,23877,32621,47935,58481,72155,90650,101916,105969,120851,119284,134911,133124,132446,154174,119501,198016,147449,147922,134938
69,1958,2655,6100,7662,9642,10463,10387,10985,13002,14110,18183,18111,23840,27756,25634,40224,21514,39372,46579,53578
70,5736,6767,14110,17503,22065,23653,22933,24629,28905,31214,40290,40356,51047,61097,55588,79998,45972,79585,90396,89565
71,4546,5790,11682,14545,18253,19962,19824,20987,24582,26392,32487,32623,40031,46381,43502,56810,37563,57506,64820,64924
72,10136,19532,34146,41463,50894,62836,78014,92297,103269,110149,125352,123139,141269,154011,150334,198437,125332,215186,238446,237767
73,2755,3229,6604,9693,11245,15506,15180,15138,16195,19103,18773,23992,23938,24024,30196,20486,46474,23910,21727,25522
74,5757,7487,14051,20407,23557,32695,31690,31265,33754,39437,39130,49614,48399,48504,62522,41645,88042,47426,43719,51804
75,3793,6319,11928,17208,19620,26471,26083,26361,28212,33047,32963,40021,39718,39722,48953,35175,63006,40024,37485,42991
76,10484,20718,27067,36451,49714,56633,68847,82410,87288,98157,111189,117652,124191,122572,142930,110610,183654,116636,113992,122365
77,2364,3597,7229,9744,12104,14036,17670,20188,23268,23315,25051,27366,31316,36369,32929,46774,30659,54895,59562,62518
78,6021,7816,14770,19829,24690,29103,36492,41565,47695,46856,49846,55210,64664,72087,66512,81934,62351,86074,85724,91641
79,3959,6449,12289,16187,20548,23952,29614,33799,38527,38331,40909,44058,50426,56228,53304,62050,50954,66435,65234,69323
80,9794,18681,25564,38222,47851,60371,68725,76017,87716,99336,111439,126916,133656,143130,183956,184977,150499,220534,239370,236751
81,2271,3460,7664,9522,11138,12871,15063,17365,20269,23255,25169,25189,28967,31268,21289,24877,42545,22777,23103,26981
82,5276,7757,16434,19432,22452,25921,29680,34808,40718,46258,49417,49325,58347,62304,41483,48077,79071,44154,44089,51512
83,4025,6541,11343,16395,18769,22296,25738,30483,35100,40740,44022,43689,52164,54289,37272,43237,66630,39999,40456,47309
84,9915,17435,28001,40347,49972,61340,76924,87177,94579,100087,119265,134602,142788,149886,129327,136686,203764,134531,133336,142150
85,2741,3721,7884,9097,12280,13035,15090,17678,19137,24227,22424,24173,26973,29124,40463,44548,26546,52349,59380,59344
86,5266,7730,15648,17685,24495,25793,30012,35090,38267,47546,43435,46575,50557,54656,72820,76785,50021,88261,88380,95419
87,3973,6382,12371,15189,21057,22793,26630,31170,34594,42250,39102,42222,45345,49063,62896,65944,44597,73303,74675,80313
88,9606,15967,26595,38661,44018,58645,67350,76827,91333,97099,107851,123764,131093,147848,148165,159752,136127,201299,200728,219502
89,2148,3226,7350,9323,11718,15159,16129,18721,20471,22154,27109,26555,30148,29327,33763,36791,49260,30963,33539,33854
90,5211,7654,16246,19523,25024,31255,33265,39599,41002,44421,51022,51351,55649,54626,64421,68139,84799,59834,64252,64032
91,3661,6141,10920,15849,19517,25297,27016,32274,33660,37076,42774,42954,45886,46272,53043,56223,65278,49500,52779,52703
92,10496,22313,30008,37433,46982,52788,66532,76803,91282,104352,109388,126345,142492,152955,164986,192266,192175,160893,160954,158998
93,2054,3575,7292,9858,13352,15316,17905,19016,20405,21983,25209,25384,25367,25367,27067,23311,27352,42183,49893,53095
94,5730,8421,15501,20681,28672,32938,37753,40903,42853,45306,51711,52127,51011,50424,55106,46220,53814,76718,87325,93825
95,4430,7000,12330,17067,20848,26727,30857,33400,35183,37749,43362,43031,43075,43364,46389,40011,46804,61770,69937,72172
96,9006,18646,24372,38028,47299,58330,66883,81930,96158,101078,121284,128820,144272,143179,151905,139525,149078,207376,228923,227008
97,2908,3537,8823,9749,12255,13122,16268,16456,18948,23621,23242,23278,23283,29747,29324,37010,39480,27252,24787,31436
98,6264,8572,16163,21692,27016,28165,35461,34546,40608,50910,49070,49680,49078,61546,61241,76455,79221,55602,51927,65815
99,3337,6733,12318,15011,20620,22851,28254,28363,33956,41641,41146,41159,41436,50561,51296,60713,63653,46522,43705,53518
100,9920,17259,28027,33152,41098,50906,58368,72225,75550,89226,95284,113902,119371,136648,145741,158654,186457,131808,129783,152541
101,2548,3627,7597,11219,13067,16082,18948,21758,25137,26839,31816,31260,33297,32921,35602,35666,30513,54464,60714,56950
102,6544,8915,16468,21990,27805,34590,39460,45978,52320,54909,63132,62022,66419,66075,70644,70123,59285,94607,92764,99415
103,3579,6886,11367,15037,18759,23355,27328,31300,39765,41795,48545,48423,52411,52488,56055,55424,48862,71248,70693,75383
104,10575,19301,24513,37777,46659,57953,66544,72710,81847,84682,97560,108511,122074,137112,145427,156002,139850,182154,196375,211189
105,1477,3790,8562,10452,11963,13704,17489,20104,21971,27066,26802,31187,33078,35529,35431,37285,48585,37432,37372,37243
106,6032,8922,15166,21905,24809,28144,35386,40603,43797,54584,52362,60397,65801,69150,68878,71742,87238,71767,71335,70423
107,4322,7016,11839,15136,20068,22944,28698,33456,35977,43950,43162,49718,53598,57527,56745,59065,68531,58354,58587,58346
108,9298,16171,24712,33567,41778,51261,59437,67938,77235,82222,95831,107468,120096,126787,145722,154114,154267,176206,174166,173753
109,2561,3968,8884,10799,14525,16630,19410,22695,25842,27968,32439,34413,33603,35908,36367,38800,45218,41271,44535,53386
110,6105,9244,15581,22477,27752,34743,39839,46985,52587,56092,65713,69506,68861,73465,72418,76285,84793,79022,83533,94990
111,4025,7282,12471,16213,20204,24996,29433,33916,39429,46039,47576,51363,56141,60617,60412,63260,69517,66286,69859,77377
112,8469,16431,24730,33318,44410,50170,57183,66665,74636,84449,90706,104989,116355,122716,137976,146221,158011,180059,194065,195126
113,2765,4194,10145,11334,14361,17831,19125,21786,25736,25571,29257,31271,33860,38621,40766,44096,48239,40371,40968,47193
114,5913,9915,16372,21652,26278,33043,38863,44431,51753,50696,57323,60076,65206,75607,78932,82230,87392,77075,76902,84855
115,3699,7717,11453,15048,20243,23058,27029,34131,36258,39496,44273,47340,50508,58039,61473,64215,67243,61502,61009,67757
116,8886,15114,26171,32776,40433,49486,55391,64567,72076,81338,87284,101182,112193,118073,123637,141181,139507,171505,171028,185992
117,1579,3908,8842,11740,13435,16480,19106,22344,24235,27486,32689,32272,37131,36719,42546,45798,50734,41974,49976,49880
118,5637,9706,15837,20986,28686,36037,41305,47997,50545,57400,67468,65789,75841,76084,83796,86389,93016,80912,91203,90442
119,3923,7343,11073,16192,19620,24454,28582,33003,39354,44221,46117,51283,54209,58611,66341,69242,73144,64822,72037,72545
120,8566,17485,24789,30915,38181,46338,57630,60781,68769,77828,84353,97126,101982,114317,122759,129688,140865,171719,186931,185116
121,2386,3638,8237,11785,14776,16842,19417,20977,24426,28928,31070,33077,35350,37838,41622,44374,48388,40170,40375,47705
122,5964,9012,16305,21887,26749,33433,41404,45041,50797,58457,62722,67577,72232,74458,77480,81578,88436,74635,74814,85926
123,3625,6631,10800,15859,19669,24573,27717,32843,38311,39027,46109,49591,52400,55161,57924,60012,63509,57224,57523,63594
124,8289,17421,24601,35513,43422,47852,54051,67457,71024,81828,88494,99029,110176,125908,133891,142947,166018,173290,173096,188309
125,2682,3544,9076,11053,13743,17279,20071,21299,24747,29270,31211,32974,35542,34983,41916,45506,41162,37760,45192,44424
126,5892,8480,17051,22230,31152,35636,41640,46941,54082,62523,67941,71640,73615,72393,81447,85623,78922,74593,84187,83285
127,3613,6557,11816,15032,18832,24208,27616,33183,38143,38887,46887,50849,58974,57450,63344,67875,64086,60133,67925,68412
128,9285,17015,27562,33062,40805,49025,57397,64481,73514,78804,85725,94484,106059,119912,127993,136578,156152,168103,182820,181523
129,2446,3288,8260,11991,13796,17227,20085,21415,24367,27095,28972,32441,32351,37164,40543,39952,40544,37270,40258,43468
130,5953,8731,17166,25487,32222,39508,45555,47639,53592,57660,61137,70541,69670,76029,79136,79044,78650,74299,78184,82309
131,3521,6507,11635,15181,18894,21664,27214,33161,37221,43637,46351,53478,53838,59570,61156,62242,62546,58836,61638,65443
132,8834,18745,23510,36367,44595,53943,62138,69975,80040,86154,99981,102193,122812,128306,134815,168485,164065,174672,172596,189978
133,2550,3365,9151,11117,12800,14726,16849,19710,21343,24620,26611,31279,31516,35404,42306,32899,38583,38453,45795,45769
134,6154,8785,17814,23264,28719,32796,37389,44260,46496,52684,56244,66391,65529,72962,81343,68032,75049,75039,84731,84939
135,3729,6701,11612,15643,19551,25217,29543,34385,36410,41466,44370,51865,51975,56983,63466,54494,60330,59754,66981,67454
136,10110,16374,26334,32922,44124,49469,56377,69694,79747,85585,98746,102910,114443,128745,128063,144899,167636,179315,195566,193656
137,1496,3793,8478,10209,12673,16185,18657,19996,23408,27638,29677,29449,33787,36124,39259,42800,38909,38597,38597,42116
138,5772,9310,17725,23457,28157,35983,41378,43386,49121,56304,60319,58616,68868,71230,76128,78919,75037,74794,73135,78305
139,3716,6682,10107,15008,18585,23557,26081,32709,36668,42416,44954,45340,51098,54766,56872,59281,57051,57135,56619,59229
140,10941,19457,29159,39321,46807,56740,65399,73031,82733,88311,101897,119930,126137,132893,142705,171629,187157,185044,182063,184238
141,1536,4550,8695,10000,12542,14297,17809,19030,21665,25203,24876,29402,31285,33084,35262,32877,30968,35245,41117,45145
142,5924,10609,16189,21082,26017,29750,36767,39658,45603,52470,51342,59060,64715,68242,71077,67127,63056,71406,78389,83658
143,4347,8159,11509,15147,20961,24258,30221,32963,37964,42969,42434,49496,53379,56396,59003,55815,52795,58455,65254,67996
144,9814,16447,28314,35268,42252,52528,59491,71838,80744,87423,100738,110551,116451,130235,138977,146835,145463,164608,179840,194584
145,1535,5640,8107,10552,13184,15381,19365,22604,24151,28045,32795,32740,37335,39844,43008,46062,50415,46155,45884,45862
146,6524,12030,16537,21507,29090,33262,40566,46838,49140,56482,64229,63484,74466,76871,80856,84682,90014,83960,83253,83129
147,3990,7207,11337,16568,19893,25869,29209,33269,38796,40501,45696,50237,53288,59650,62191,66262,69307,65764,65273,64744
148,10328,16871,24563,33675,41549,49963,56261,64890,72988,82660,88866,102074,106031,118117,134530,143080,154813,173391,185191,186094
149,1246,5411,8825,11761,14568,16846,19470,22515,26378,27966,32663,32305,37014,39621,42116,45309,49206,49360,45333,52807
150,5697,11819,16043,21193,27907,34802,39904,45809,53188,55486,64083,62937,72885,77489,81473,84124,89939,88440,84058,93468
151,3909,7721,11086,15977,19559,24875,28840,33870,39781,45116,47060,52088,59372,63322,66788,69731,74279,73836,70464,77350
152,8543,16112,25005,31606,38823,46783,53018,60437,69161,77721,81701,96229,101749,106370,117056,124939,133671,141081,171494,184422
153,1535,5234,8584,11372,14149,16390,20670,21850,25480,27357,31969,34090,36427,38955,40699,44284,52019,54972,51160,51214
154,6238,10620,16010,22824,28072,34811,39589,45808,52270,55087,63305,66968,72481,77132,79666,84350,94936,98536,91475,90809
155,4340,7672,10924,15419,19243,23572,27294,31428,37811,42638,44275,51413,55983,59041,62149,64800,72663,76013,72542,71578
156,8545,17205,25263,33054,40447,45308,54339,63389,66049,73794,85227,90851,101510,106387,118820,125854,132871,141008,159045,170022
157,1724,5369,8526,12468,15493,17898,22129,24001,27775,32565,34746,36694,36073,40932,47934,56334,51673,57834,57455,57234
158,6230,11140,15791,22736,27706,34920,43045,45381,52484,58893,67950,73054,72115,79716,87069,94507,92579,103750,101996,103127
159,4170,7365,11691,15068,20499,22798,26076,30634,35518,41219,42540,49982,55514,60527,63898,67042,71436,79656,79504,79161
160,8236,16638,22895,33161,40262,50013,55912,64263,72382,75934,87468,92727,101825,114145,120074,126652,133033,142117,160465,171349
161,1656,5619,9073,11748,14413,16840,21613,24653,26351,31039,30457,35071,37662,39808,42840,46766,53954,53610,55808,55008
162,6331,11040,16864,23725,29767,36716,42103,48843,54617,57628,60476,70894,75087,78131,81380,85469,95502,95357,100329,99048
163,4089,7015,10878,15402,19254,21521,26732,32130,34096,41965,44348,46990,54477,57182,59838,62969,69706,69367,74233,74208
164,8241,15234,25408,32913,43055,53000,59787,63113,76322,80811,93848,104410,108092,120085,126695,134289,142521,161885,170548,185294
165,1688,5828,10186,12372,15077,17480,20273,25112,24606,31111,33203,32943,37474,39753,46696,50193,53436,53738,53858,52454
166,6278,11049,16748,21851,29048,33283,40822,48247,49411,61004,64889,63903,73305,76630,83961,88483,94510,93503,92371,90292
167,4467,7769,12042,15986,21130,26767,29818,34162,40629,41982,48269,53468,60129,63060,69326,73378,76123,75956,76087,76045
168,8699,16312,25958,36600,44038,49315,59313,68758,76004,86264,91643,97563,109420,119954,127145,144287,143106,172576,185092,197297
169,1297,6795,10547,11797,13544,17257,19692,22453,26323,26142,29664,34702,34663,38990,38963,41174,48489,44512,47303,47270
170,5869,10720,16302,21144,27974,32080,39343,44706,51324,50034,56366,65457,64219,73411,73410,76666,84339,79570,83182,83049
171,4189,8214,12382,14716,19475,24234,27670,31834,37362,39694,45050,51462,51346,57795,57694,61017,66413,63161,65817,65677
172,8719,15038,26811,33222,41333,50033,59208,68057,71971,83812,90684,98780,113523,119554,133050,140306,150520,166656,176990,176241
173,1346,6321,9094,11921,13960,17424,19808,21243,24566,29962,32370,35312,37199,39585,42706,49217,49436,53500,53232,56560
174,5834,10977,15884,20748,25511,31230,36322,41605,48067,57233,61464,65635,70071,73995,77256,85633,85060,90817,90559,95456
175,3973,7056,10942,15727,19434,24499,27354,32212,37482,42293,48968,52242,56902,59848,63242,69538,69245,73436,74147,76640
176,8409,18111,26057,31611,41860,47230,55840,65191,73109,76275,87905,95003,104440,110032,122920,130536,138992,148828,168074,180253
177,1855,5680,9002,12815,14671,18074,20803,23862,25546,29474,31476,34107,35885,40858,44067,43895,51328,54503,55027,54481
178,6366,10498,15875,22787,27487,34547,39125,44213,50868,57569,61043,65571,70417,79077,82687,81899,92219,97167,96736,96076
179,3883,7014,11099,15523,19034,23504,27419,33667,36499,40536,46603,50140,53908,56395,62816,62813,69568,72748,72572,72662
180,8622,18368,25673,35749,43031,52138,57955,66806,74362,84259,90516,97286,113442,119245,126158,142499,151725,170445,182234,179993
181,1365,5771,9180,12126,15160,18465,21575,24390,26452,30256,32670,37439,37066,42815,45604,48564,48425,48839,52741,55852
182,5914,10770,16055,21567,28522,31932,39411,45944,52075,58817,63305,67330,72309,80795,84519,88179,87707,87963,92042,97267
183,3963,7182,11460,15250,19980,25324,28748,32857,39168,41075,46971,54907,59163,61052,65318,71475,72801,72294,75881,78726
184,9072,17537,26411,31198,37740,46218,51712,59424,67092,74771,79542,85536,96931,101736,112496,118061,133505,141261,158720,169795
185,1377,5759,9204,12299,16482,18740,23970,25646,29400,31830,37104,39611,41735,44836,48151,56835,60485,63709,60334,65426
186,6266,11267,15813,22671,30237,37479,42426,48979,52345,59163,67241,71521,76699,86019,89356,93786,99327,103169,103147,115626
187,4268,7694,12296,15779,19366,24371,27872,31997,37375,43282,45128,52348,55726,59946,67577,71372,74104,79265,83908,88395
188,8434,17053,23844,32384,39173,43862,53433,61097,64867,72351,81915,87089,92417,102200,107213,112426,118695,132348,140212,138752
189,1393,5473,9445,14890,16915,21115,24211,27884,32007,34351,37231,42378,45112,48024,50992,55664,60625,63754,66421,73298
190,6787,11338,17110,22403,30270,37510,42047,47878,55933,62106,70214,75382,80804,85594,94145,98912,104754,108735,114664,121745
191,3865,7373,11784,15463,20508,23108,28702,33975,38809,42217,46924,49708,58477,57479,62407,69461,72435,75869,84711,89230
192,8894,16900,22891,31774,38153,46812,52707,59499,68269,71384,80403,85242,90335,102276,107161,112663,125466,130261,137518,146006
193,1450,5673,10714,14139,16161,20058,22921,24893,29174,33118,35400,40991,44195,43961,49972,52658,57879,61636,64421,67577
194,6886,11519,17967,23480,28692,35171,43406,49360,53465,61184,67978,72062,77429,82170,91147,96434,100170,104921,109836,115689
195,3966,7705,11018,16167,19692,24562,27283,32309,36711,42784,45053,51702,55357,59043,63631,67430,74281,77175,82188,85887
196,7689,15064,23111,32388,41917,47642,57785,60449,69016,78600,87754,93341,99449,106521,117457,123929,129130,142487,150608,159946
197,1483,6797,10606,12994,15691,18098,20738,24220,27892,30440,29820,33998,39950,42760,42391,45275,47835,51160,56701,61068
198,6013,11346,15992,21135,28030,34518,38416,44095,50856,54802,57021,64504,73887,79613,79860,83422,86885,91163,97333,101811
199,4038,7645,11943,15817,19285,23413,26998,31627,36042,42579,45504,51618,53977,57883,63740,67065,70035,73209,76205,81297
200,8660,16159,25013,33537,43169,49561,59092,66468,77420,80100,89480,94514,109677,115684,120440,132171,139556,145538,154700,163530
201,1458,6382,9468,11826,14529,16872,20742,24302,25763,30286,31626,37026,35831,39392,44857,47356,51274,59869,60045,63582
202,6628,12031,15414,20202,26775,30166,36948,42194,48149,52041,57883,66331,64803,69710,80579,83742,86982,97679,97817,102305
203,3892,7345,11968,16022,19214,24050,29797,31534,36047,41977,48131,50078,54698,58358,67289,70153,72663,75613,81344,85003
204,9030,18042,26560,31605,40955,49286,56205,63403,72753,81391,85271,97397,103285,115705,116110,128028,142873,142274,151007,160394
205,1434,5618,8990,12900,15930,19920,21171,26349,27944,30206,37359,36997,41979,45703,45653,51253,55001,60525,64499,63614
206,6913,11528,16481,21439,28397,34775,39410,44845,51500,55356,61623,69622,74217,81720,86686,92467,96395,104341,108701,106644
207,4044,7645,11114,16362,19682,24406,28054,32258,36409,42981,45877,51701,55229,59288,63353,70143,73240,76354,80523,85611
208,8080,18293,25176,32707,39527,48126,58522,65135,69728,78433,88696,92146,98893,107061,118656,122386,134447,143179,151940,160774
209,1436,5117,8987,12321,15159,18764,21448,26970,28960,31389,35262,39092,43811,44198,47294,49509,53303,53307,62388,65291
210,6118,11316,15994,21065,28300,32009,39252,44745,47801,55034,61505,66012,74888,82229,81687,90015,93639,93288,104208,109374
211,3976,7565,11232,16050,19380,23944,27436,31913,36482,39145,45008,48519,55203,58760,64296,67780,74443,74380,82713,86621
212,8998,16202,24560,30100,36108,44071,53126,59917,63664,71977,80381,84873,91078,98406,108909,113216,119531,133753,133528,148910
213,1459,5671,8976,13056,16085,19937,22750,26397,33368,35130,38328,43651,46746,46544,52799,58088,61249,64769,69935,68938
214,6690,11494,16003,22792,28363,34697,38833,44624,51129,57394,60711,68465,73663,79369,83223,88375,95813,99174,107076,111812
215,3882,7518,11998,15468,19072,23687,29708,31773,35836,41575,47462,51245,54198,63887,67886,70237,73070,80956,80487,83803
216,8895,16637,23479,31329,38018,45901,51389,57562,66348,73860,77773,82500,87351,93964,102761,112623,119284,124624,133398,139514
217,1582,5267,9846,15346,18862,21591,24629,31028,34805,38076,40465,46541,49130,52556,56464,60272,63963,66970,67153,73259
218,6429,11499,16285,23369,30862,38090,43571,49509,57816,64150,67124,71391,76732,82568,90850,98625,104513,109092,116118,121459
219,3804,7509,12171,15726,19025,23706,27088,31951,36059,42362,47619,51605,60154,64899,63833,69960,73206,81734,85809,90426
220,8910,15692,22620,31351,37565,42719,52021,58303,66544,69922,78011,83017,88945,95190,104035,116036,121045,127427,134402,142122
221,1516,5719,10571,13835,18659,21508,24668,28134,30132,34798,40140,43091,49173,52343,51951,55613,60033,65008,66455,69512
222,6261,11118,17008,22120,29687,33796,41379,46680,53611,56600,62646,67212,71876,77638,85142,95309,100358,104383,111177,117740
223,4465,7156,11481,16732,20157,23108,28542,32886,37342,41263,46199,54546,58617,62493,65689,67849,73808,78148,82379,86720
224,8760,16343,24044,33471,40543,49051,55088,66192,69959,78036,87492,94075,99576,104919,113791,118997,124689,130213,138707,146717
225,1669,7544,10677,14177,16111,19751,22832,25922,27534,31757,34088,39422,44368,47549,50962,51872,54652,59301,64001,67157
226,6590,11287,17117,22272,27213,33896,38246,46566,53844,56690,62855,67263,77229,82100,89180,90272,92852,98692,104825,111637
227,4144,7812,11980,15855,20959,23500,29183,33105,38173,41279,46556,53645,56962,60451,64361,71565,75480,79352,84535,88017
228,8693,15993,25943,32959,42813,51099,58348,64205,73965,82037,86164,98449,105444,115414,120833,127083,140386,149624,147746,156618
229,1732,7269,10334,12843,15522,19223,22169,25567,26863,33224,35396,37950,37678,43306,46488,49211,52395,56967,65659,68199
230,6975,10918,16496,20087,26182,31798,36419,42266,51123,55074,61862,64885,68647,79392,84379,88370,91315,95479,107221,115254
231,3770,8663,11836,15770,20551,25444,29380,33812,37078,41059,46681,52166,55405,59027,63161,67584,73803,76755,80478,85413
232,8273,15365,27024,32357,38849,47295,53560,60699,67948,77720,81517,90718,97058,105510,116133,120993,135249,142154,150179,150718
233,1697,6207,9462,12353,16554,18727,21592,24904,28859,30831,35537,37882,43065,43035,46193,48974,52653,56339,56230,64972
234,6306,11132,15263,22034,26628,32488,40222,45606,48411,55325,62763,65762,75282,80577,85509,90567,92505,96492,96598,107783
235,4566,7547,10986,15314,20484,24738,27983,32362,37232,39830,45014,52547,55144,59162,63670,67708,74102,77997,78067,87400
236,8131,17610,22782,31614,38217,46568,52957,59517,66882,75855,85030,88933,95648,102658,112520,118354,130775,137454,145446,145842
237,1750,5697,9755,12910,17152,19370,24023,27410,31491,33733,38441,41394,43865,46822,49545,53033,52886,61978,70105,67389
238,6082,10710,15294,21549,26629,32396,39908,45034,51838,55240,61671,65208,74676,79724,84643,92918,91622,104036,109860,116181
239,4371,7399,11858,15242,20458,24874,27573,32081,36351,42004,45472,50438,54423,56941,62589,69276,72691,75728,80415,84634
240,7869,16321,24714,29912,36170,43786,49360,59079,63221,71328,79499,83892,90506,102285,106288,117808,122889,128485,136260,145042
241,1601,5538,9621,13727,17065,21105,26085,30129,34427,36917,42318,45113,48919,50255,53835,57776,62396,66078,69432,74651
242,5969,11728,16442,21454,28900,32113,40003,45023,52689,56009,62535,71522,78050,81619,85669,89637,97227,105381,109113,116747
243,4287,7912,11474,16711,19878,24959,28150,32658,37359,43901,46389,48843,55499,59720,64136,68039,74341,77171,81645,85268
244,9058,16476,23347,29049,37639,42418,51938,57578,61501,69488,72518,82296,87289,93516,103501,109477,119682,121162,134147,132629
245,1583,5741,9671,16522,20151,24798,28187,32474,34931,39862,42882,48144,48114,55065,58654,63564,67974,66993,70943,77387
246,6960,12119,16975,24059,29783,36492,40937,51489,54872,61761,64203,72352,77365,82323,90901,94087,100296,103971,116746,117861
247,4231,7306,11518,16546,20126,25258,28686,33479,38136,40517,49549,52684,57047,60705,64788,72674,75647,79417,83244,86802
248,7689,15530,22807,29650,36054,43933,49057,55342,62662,70684,78745,83749,89315,95078,104163,109774,114058,127044,126396,133940
249,1601,6090,11027,14947,18734,22900,26273,27577,34812,36801,43032,45616,48872,55840,55220,60556,65091,68825,72376,80833
250,6079,12030,18491,24637,30389,37204,42693,48574,57359,66138,75459,78717,87054,91734,103228,109304,113156,122137,128483,136617
251,4318,8123,11722,15401,20531,23256,28979,33202,34854,40914,43536,49871,52995,57095,60902,60474,65927,70294,77546,81683
252,8137,15787,23857,32480,39284,47679,53666,60576,68663,73315,76590,86143,91297,97569,104306,114837,120506,127301,132475,140369
253,1714,7491,10699,14267,17658,19638,24672,26404,30321,32503,35475,36285,42710,47980,47863,49661,53539,53232,56924,61251
254,6261,11207,17151,22530,27594,33512,38359,47312,49656,58301,62938,70237,75695,81660,87854,96432,101745,100500,105386,111715
255,4616,7650,12041,15919,19612,24100,30001,31546,36486,42338,45462,51174,54203,64241,63194,67379,75996,79369,82809,87971
256,8373,16000,23465,32103,41367,50940,57325,64123,71816,76834,85184,88827,101103,100143,114002,116672,122607,135369,141339,147915
257,1774,6524,10969,13303,16405,18839,21854,24715,28495,32938,34925,39772,42902,46231,45554,51162,51268,59100,63069,67334
258,6276,11229,16303,21399,25944,31842,39412,44753,50778,55263,62510,71155,74839,81161,86313,95686,95790,105170,111686,116949
259,4383,7583,12161,14794,19607,23790,27319,31782,36722,43460,45529,51695,55778,58775,63131,67687,76553,79308,83306,89281
260,8397,16993,25909,31878,37747,46351,55868,63076,65999,76192,83837,88438,92648,99682,106676,116260,122481,127446,140251,139944
261,1788,6371,9144,13205,16393,20183,22994,24456,30379,32344,34632,36556,42212,48330,51356,51132,54438,64123,63521,67795
262,6309,11109,16018,21027,28225,32077,38722,44431,50692,54330,62725,70351,74377,81424,86778,96437,100573,104788,110921,117636
263,4375,7463,11121,15894,19413,24099,27456,31748,36483,42344,44795,49874,53814,57831,67156,66794,74139,76463,81169,84857
264,8642,19204,25121,31928,40675,46173,54919,61820,70175,74523,82417,86630,97751,105838,110449,114730,125150,132068,138808,145873
265,1752,4991,9067,12871,15966,19801,22867,26254,29969,34279,36201,42533,44963,47905,51076,54873,58359,62838,62998,69928
266,6395,11097,16125,22862,27829,34740,39361,44882,50896,59280,66372,70561,75148,80100,92435,96498,99702,112310,111158,123296
267,4580,7465,11127,15772,19413,23697,27494,31369,35819,41026,43707,49539,52407,56160,59234,65460,72071,70868,79435,84745
268,8617,17729,24389,29340,37594,42807,51355,58065,65700,69568,76788,85977,91998,98237,103315,113153,117365,123258,129673,135749
269,1742,5529,8743,12897,17130,19560,24305,28182,32034,37017,39238,41782,47702,50806,54114,58141,62003,62444,68894,69336
270,6248,11202,17374,23156,27670,34804,39507,48369,51255,60085,67322,70067,80792,87268,92525,96525,105636,110788,116838,125683
271,4515,7520,11693,15307,20749,23704,29805,30944,38420,41248,43762,49785,52172,60215,59688,65227,72535,74344,78799,83678
272,8628,17330,23140,31105,36984,45448,50579,56991,64250,68200,75198,83448,88819,95070,99320,108939,113751,119506,125153,132651
273,1761,5781,9821,15316,18893,22861,26735,30582,34505,37285,42982,44676,51139,50927,58797,58134,63308,70024,72979,74149
274,6424,11073,17747,22793,30440,37148,42580,48915,55649,60235,66988,75824,81614,88192,93506,102694,107677,112755,118374,126791
275,3914,7698,11875,16085,20942,23647,27399,33912,35475,41274,47489,49707,56755,61920,67037,70035,72512,75865,87969,85131
276,8597,15219,22755,31524,37635,45758,51604,57891,64999,69747,76409,85362,90487,96622,102171,105761,115879,120755,126424,134726
277,1904,5757,10585,13994,18925,21442,24589,28166,32391,37027,43213,42266,44990,47710,54295,58353,62962,66648,68934,69126
278,6594,11433,17801,23331,28637,34886,43690,49757,56954,61402,68351,77866,83443,90424,94285,99736,109877,115946,120726,129243
279,3701,7582,12100,16110,19455,23899,27168,31207,35750,41723,44586,50029,52916,56083,60860,64896,68181,75636,78721,83988
280,8645,16937,23628,31352,40631,48981,55057,61617,69431,74471,81836,85695,97345,103672,108568,119178,116931,129563,135677,143118
281,1944,6580,11033,14649,16472,20253,23405,26737,30700,35020,37400,39985,43170,45777,50904,54925,54794,63998,66827,66615
282,6441,11124,15799,20783,27043,33443,38186,47394,49392,58490,66262,69809,74128,86450,91913,95214,100019,111543,115963,116669
283,3755,7541,11891,15869,19040,23321,28812,30671,35263,40181,43056,48992,52002,54887,64244,63215,70996,73539,76854,87138
284,8681,17276,24733,33820,42879,52659,58686,65806,73993,79305,87240,96174,102584,108912,115264,124881,129831,137375,141173,149270
285,1896,6481,10013,12278,16013,18603,21316,26188,30191,32059,34357,36383,39173,44752,44581,50700,53784,53649,61794,66024
286,6560,11287,16104,21052,27397,31382,38485,44280,50285,59107,62113,70444,75247,80193,87219,96408,101007,101506,112271,118918
287,3885,7757,12307,16195,19911,24472,27774,31843,36615,42553,45183,51665,54394,57665,62544,66539,74244,79054,81789,87537
288,8599,16372,25820,31461,37278,46133,55130,61900,64188,73903,82262,86185,90428,104475,109856,114057,124818,124307,136315,136649
289,1568,5435,8694,12688,15695,18037,22208,25618,29385,31484,33489,38895,45096,43998,46889,50088,53176,57715,62319,65445
290,6247,11275,15679,22510,27627,34157,38406,47888,50383,59213,68122,71333,76347,88468,93475,98765,102762,107904,114073,118769
291,4214,7323,11845,15296,18857,22780,26773,30364,38064,40680,44296,49861,52982,55933,60981,66276,73609,77981,81641,86604
292,8727,19605,25103,34447,41685,50431,56887,63315,71647,76495,84617,89021,101490,107149,112643,118684,123042,136550,143435,151478
293,1697,5143,9216,13184,16161,20000,22926,26619,30333,32406,34491,40394,43109,45830,48573,51881,55526,59496,59352,67976
294,6558,11595,16485,21519,28223,32097,39919,45850,52569,61309,63905,72836,78211,83059,90522,101442,105618,109911,109820,121075
295,3723,7417,10925,15903,19270,24067,27245,31815,36189,38534,45800,47720,54254,59686,63927,68145,70964,75362,84556,84045
296,8853,16493,25109,30229,39271,44319,53347,60110,62562,72594,80543,84413,88624,94415,101124,106084,116314,120939,128678,133564
297,1565,5378,8853,12979,15683,19452,22386,25828,32356,34224,36367,42760,45893,48511,52182,56039,60844,63879,68500,71745
298,6190,11135,17591,23407,28349,35638,39889,46096,53251,62039,64863,73170,79096,84622,91061,96730,106709,110710,118121,122385
299,4548,7809,11258,16330,20249,25166,31341,33587,38627,40111,47612,50093,57713,61097,65879,71556,69878,78928,81393,91989
300,15575,29031,40091,54041,64331,76515,85500,94853,105551,112263,122681,134915,141910,151088,157209,169776,174311,181894,189333,197025
301,4982,6460,8346,9620,11892,12743,14575,16817,19483,20774,24092,24019,27770,28048,32124,31988,36431,39125,42438,41992
302,7491,12950,18418,20010,24734,26078,29600,34080,38824,41160,47416,47292,53605,53372,62031,61999,69795,74512,79266,78821
303,1789,7235,12491,15776,19455,20562,23703,26868,31026,33624,38635,38926,44672,44920,52656,52277,59350,63259,67749,67163
304,17655,22338,25467,35733,45884,54366,60413,70344,72894,81352,89119,97941,104073,109735,115914,126416,132231,138619,143970,150381
305,1878,5235,7941,10082,12491,14326,17874,22156,25610,29714,31657,39102,41754,48551,51497,54861,58159,62621,66918,76808
306,7703,11739,15807,20686,25260,28407,35140,43275,50075,56753,59984,73666,77535,89895,96436,101496,106557,111187,116887,129783
307,2298,6955,11619,15369,19252,21793,27041,33665,38609,44233,47863,50777,57708,60092,63524,67978,73487,78258,81961,90844
308,13087,21321,26462,42727,50889,65486,73304,80455,86801,96225,99621,107761,111878,116616,123358,128704,135355,147246,152452,159571
309,1706,5341,7558,7864,9975,12608,15938,17070,21139,24193,28171,30040,32576,37017,39624,46099,49193,48762,55521,55259
310,7457,11825,15730,17143,21222,26015,32153,33966,41795,47956,55425,59320,63714,72102,76379,87661,94510,93971,105300,103905
311,3671,6755,11249,12683,15811,19444,24160,26209,32195,37268,42028,45988,49120,55164,58002,67306,72085,71659,80890,80519
312,9314,25006,33023,45216,57564,68710,82095,93077,96805,108999,120741,124138,137581,148027,154915,161854,167556,181379,180828,195322
313,1806,5549,6599,8112,10259,12812,15024,16066,20068,21411,23193,26856,28712,30397,35117,35553,37916,43732,47073,49437
314,6967,11629,15510,16929,20683,25651,29503,31356,38837,41477,44090,50413,53685,57220,65256,65613,70107,79662,85242,91235
315,2455,7187,11424,13056,16063,20059,23342,24996,30994,32932,35294,40267,43911,47013,53826,53791,57389,64282,69255,73746
316,11900,23901,34146,37249,47858,53846,64357,72140,81625,91613,97249,107290,112100,126051,125580,140107,145200,151457,156984,172120
317,1793,3772,5786,9265,11468,14431,16816,20476,22071,25006,28950,31216,35862,38219,44653,44312,49957,53335,53221,56906
318,7316,9522,13314,19338,23216,28611,33089,40273,43520,49375,57548,61828,69509,73233,85078,84041,98266,103442,102034,106057
319,3833,7209,10267,14935,18003,22506,25570,31879,34410,38770,45478,49712,55517,60008,68916,68373,77715,80300,79828,85323
320,8780,20475,27404,26819,34269,41293,49552,55853,63036,71083,74215,78400,87174,91137,90941,101779,106218,111191,123159,128102
321,1645,5248,6385,11697,15802,19329,22326,27451,31253,35647,41852,44693,50238,53634,58182,66552,66295,70624,77063,77072
322,6358,11300,14031,20339,26567,32550,39865,45953,52510,60791,64703,68944,77824,83214,83489,94043,98928,103925,116239,120874
323,4614,7887,11135,16034,20953,25541,28809,32957,37687,43210,47008,53275,56502,60509,65596,69112,73279,80675,84374,89090
324,8730,16621,22874,33006,42208,50769,60949,67585,75276,79611,87036,91186,96518,102365,109907,119192,124547,131165,137789,143375
325,1659,5354,8077,12905,17189,21020,22272,27184,31201,32885,37473,44255,46933,53746,57588,60455,64958,65343,70169,76693
326,6491,11929,15829,22966,29773,36552,41310,51320,53419,61858,70530,74221,78677,84498,91653,100603,105983,110859,117509,122475
327,3938,7774,11991,15233,20484,22747,28764,32264,37073,39718,46271,49636,56007,59460,64858,68349,73782,77135,79651,90038
328,8785,16567,23914,37309,43992,52828,59689,68461,75571,83946,87043,96369,101683,111762,117701,128066,133834,141130,146994,152931
329,1733,5540,9084,12900,16132,18303,20969,23944,27972,29352,34354,39027,42363,45798,49021,51568,54423,58435,62940,66806
330,6732,11258,16331,22620,27584,33479,42086,47648,54459,57366,66596,75286,80501,85279,92601,96200,101607,106647,112058,118216
331,3899,8110,11896,15367,18818,23406,27102,31330,36041,41143,44306,50626,53364,61527,66432,66163,71852,79799,83647,87638
332,8840,16623,24248,40720,52164,65035,72674,82117,91921,96502,105882,110250,125470,135412,134763,147396,152491,158207,173191,179978
333,1607,5101,8432,9410,11838,13627,14735,16824,18098,20948,24030,27616,27505,27309,31990,33958,36445,42568,42821,46115
334,6562,10786,15658,20058,24135,27481,29265,33896,36005,41519,47511,54881,54405,53829,62288,65791,70183,81446,81274,88141
335,3643,7922,11686,15365,19099,21735,23664,27564,29943,34112,38801,45090,44866,45644,51775,55245,58815,66687,67358,73038
336,9034,20833,30329,37286,44222,57372,65094,73341,82367,94000,104621,110066,119164,134420,142163,145679,160870,168567,176152,175952
337,1720,5310,7914,10692,13222,13933,17311,20001,24916,26879,28932,31003,36120,38258,41230,47290,46824,46930,53357,57929
338,6619,10967,15485,20447,25303,28021,35075,40701,50472,53915,57420,62426,71877,74948,81165,93746,92371,92859,103760,109664
339,3719,6629,11697,15465,18936,21624,27010,31535,36405,42234,45841,50158,55969,59715,63016,66928,74266,73783,82882,87121
340,8733,20916,26291,35825,45960,54082,61372,70103,78228,82679,93163,98093,95501,102289,108634,114391,118431,130967,130454,137219
341,1704,4458,7620,10436,13053,16002,20089,21653,24803,28629,28524,33149,41068,46997,50366,54016,57817,62321,67912,71757
342,6542,11415,15250,20199,24711,32869,37825,43449,49644,58052,56362,65535,75116,85698,93266,98717,101589,112291,113014,118563
343,3903,7908,11965,15689,19710,23866,26893,33637,36163,41736,45887,52919,59654,57649,67096,66561,76884,82103,86197,90290
344,8922,18135,24895,26999,32624,50783,57558,65292,71895,75657,83703,87824,99938,105912,112849,117863,121167,126876,133736,141879
345,1778,5404,8807,12688,17048,17774,21889,23234,26865,30972,35101,38127,39991,46461,47071,53027,58085,63324,68759,73233
346,6516,10567,15404,22016,27297,32545,40178,47486,54037,58097,67176,71066,80487,86499,93218,99202,103335,108731,114022,121686
347,3894,8303,11004,15323,20809,25484,28869,33018,38034,41005,48009,50531,53656,62174,66407,73243,72112,75959,84425,88485
348,8426,17172,22079,34359,41380,52263,59340,67696,75175,79227,87071,96888,100860,108329,114279,113428,124280,131677,137839,147603
349,1788,5360,9652,12749,16811,16417,20396,21789,25218,31308,33943,38121,41274,40811,44147,50488,58074,57458,62904,62841
350,6756,10956,15959,22319,30025,33389,41558,43955,50727,59294,68533,75648,81053,80664,85439,93689,103378,107434,113969,113015
351,3902,6783,10763,15338,18688,23324,26666,33790,35777,41395,44724,50340,53981,63306,68481,74202,73118,82376,85140,89342
352,8716,14598,24979,35262,42917,55700,63118,71629,80787,86470,93965,97439,104910,114037,126805,126514,137361,141955,150062,160831
353,1610,5291,10385,12408,15413,15284,19171,20373,23665,27515,29461,34107,36379,38938,38853,45692,48289,52383,55078,59672
354,6873,12419,16184,22543,27750,31263,38951,41184,47438,54231,57721,66724,70680,74239,74260,85589,92020,98375,102312,107187
355,3871,6813,11977,15353,19317,24437,27723,32166,37243,42855,45943,53636,57111,60808,61056,70570,75095,80544,83118,87234
356,7759,18414,26353,34575,46435,55427,61804,74471,78412,89292,94318,99022,107773,112350,118568,125367,135157,141826,147739,153443
357,1607,5442,9529,12047,14822,15882,18222,21071,22872,26114,30073,32447,35003,39983,46685,46627,49184,53123,56321,66981
358,5885,12422,16069,21321,25845,29297,35969,41162,44049,50540,57960,62377,66373,75002,86801,86205,92209,99410,104339,114675
359,4059,6843,11243,14921,20086,22855,28667,33323,35789,40604,48599,51861,56081,63014,67590,72886,79264,84153,87345,91271
360,9289,19068,27015,38843,46314,48906,55125,62686,70668,80697,86089,90537,102448,109076,115804,122980,128217,132840,139055,142647
361,1685,5554,10070,11338,14150,17470,20428,23740,30087,29463,33979,36534,42072,45980,49366,52731,55544,56283,64175,68818
362,6769,11342,16340,19335,25944,32033,36772,41869,48519,55294,59786,68982,73174,78106,83443,89897,96045,102886,113266,118612
363,3979,7189,11333,15308,18595,22938,28336,32626,37517,39340,45869,50286,52912,58012,66821,71706,70180,76135,80820,84704
364,9099,18004,28061,33529,42746,48791,55297,62208,69912,76731,81474,85314,88978,87736,93649,92933,105519,110136,115128,132935
365,1722,5562,8903,12009,13797,18529,21092,24693,28847,33257,35838,41592,49437,56506,55661,64536,69038,69720,79710,72440
366,6764,11400,14814,20953,25890,32090,39831,45698,52321,55370,65514,69312,73665,84347,90678,90979,105263,109692,113585,116738
367,3965,7182,11559,15155,20240,24782,28292,32169,37525,38987,45879,50915,53477,61331,64663,70866,68138,74343,83776,86725
368,9124,20442,26517,34697,41432,41158,50228,53143,59901,76435,81117,84720,94035,101475,107422,114471,120142,131896,130354,154001
369,1708,5029,8342,11918,15152,22086,25157,29640,34056,33293,35983,41318,47989,47241,54320,61518,61559,66579,70941,64625
370,6959,11531,15022,21376,26361,35542,40559,47521,53727,61406,66761,70085,79015,84079,91049,98135,103593,112133,113735,113711
371,4093,7219,11461,14793,20056,24420,27370,31506,35955,40503,44897,52869,54581,56641,61679,65787,70622,75444,78712,82649
372,7947,18977,25122,31222,37438,47316,57046,65438,67749,82992,88040,96429,100666,115880,114890,121246,133034,137554,146592,165578
373,1619,4862,9029,13181,16311,20094,23156,26609,31288,30375,32845,37263,40295,42684,46203,51892,55519,55416,59047,58513
374,6103,11435,15134,21600,28869,35204,40180,50612,53979,60219,65729,73192,77792,81390,88283,94720,105061,104043,108937,105162
375,4231,7353,11561,15371,19781,24236,28056,31621,36953,39001,45509,48409,54726,57576,61448,65688,71227,75416,83367,83367
376,9572,17986,23547,32152,38808,49549,60825,63751,73318,84439,89419,97049,102054,115837,123097,130562,131673,141153,145247,166489
377,1803,4973,9332,14434,16414,18825,21259,24680,28762,28485,32436,34919,39714,39402,45582,47932,51506,54951,58844,58909
378,7121,11821,15798,22074,29457,36115,41037,47611,54595,56731,66550,69277,79545,78191,89387,96209,101668,106665,112535,111327
379,2507,7532,11989,15576,20554,23442,29218,33183,34765,40359,46778,50546,53172,61693,64905,69130,74638,78903,82842,87206
380,12830,17113,24193,34139,41679,52712,59329,67285,76382,88845,95354,105287,110902,115586,122290,130405,134759,148454,152583,151776
381,1755,4946,10040,13141,15143,17237,18281,21119,24313,25962,25860,29924,34236,36358,38942,41701,44905,47349,53901,61978
382,7551,11568,16526,21752,28882,32506,37075,42002,48096,50150,49812,57393,65972,69671,73761,78454,84830,91143,100841,114010
383,2270,7112,11275,15069,19760,22406,28339,32667,37336,39074,39352,45597,52239,55453,58867,63404,68448,72519,80317,88505
384,13519,16207,26001,35036,42378,55578,63023,70826,79664,87734,98637,102981,108936,119016,125872,130201,136083,146692,154526,149059
385,1730,5647,9852,12060,14859,15856,18325,20864,24082,27635,31779,34133,36492,41257,44679,50494,50846,54158,57996,62655
386,7382,11679,16266,21350,28543,32152,37161,42042,48439,54721,63706,67298,72138,81512,87557,94673,100606,105590,110756,116606
387,3945,7359,11528,15190,20169,23299,29726,34248,39064,41065,48414,52670,59579,61685,65663,70530,76190,80664,84320,89149
388,8577,16559,24961,38612,46308,53531,60141,68261,76580,75079,85917,95624,100576,106372,113294,120263,126282,137436,136061,135559
389,1871,5801,10470,11954,14596,16526,19309,23947,25579,32377,34844,40139,39976,46501,50098,53187,60155,60713,64633,79011
390,7346,12363,15948,21046,25544,30710,35143,43382,46387,58465,62169,67090,76028,79903,85484,91577,99217,105357,115405,127147
391,2477,7581,12349,14938,20225,24697,28059,32854,38154,42402,45583,49937,57217,59622,63677,67728,72562,78623,82953,85724
392,12434,19403,27457,34011,43808,49112,55282,62387,70462,73246,77743,87073,91737,90781,96072,99829,110073,112793,120290,143234
393,1962,6282,9358,12683,14474,18135,22669,25845,27090,33786,39338,41863,44550,55154,58283,65881,65707,65755,70469,69331
394,8666,11620,15894,20898,25529,33707,38520,44556,50088,58060,67005,71850,75943,85640,90706,97786,104897,111685,116581,124311
395,2009,7617,10995,14514,19800,23678,27053,31431,36030,41168,43408,49927,54789,57162,64583,68528,73464,72915,78077,82459
396,13845,19072,24828,32332,38918,43947,53030,59881,67062,69894,77870,83419,87362,96176,101366,107150,114191,119614,124493,149878
397,2128,5098,8649,12839,15844,19505,24005,25681,29319,36748,38878,41183,47745,51364,58339,61461,60884,70229,69996,59193
398,8478,11436,15463,20882,26041,34092,38974,48138,50994,58919,67566,72486,76151,86435,91347,98634,106118,111670,115613,111265
399,1858,7226,10538,14083,19230,22838,26576,30150,37559,39759,44637,48520,52521,59592,63163,66886,71475,76787,81887,86064
400,15423,18717,24866,30725,37070,46955,51992,58979,66690,78940,83202,92986,97320,101976,107365,114659,121407,132439,138351,156927
401,1955,4764,9251,12753,15967,20928,26029,27587,31445,33538,36434,41239,47975,47706,54869,57813,57302,60877,70339,61174
402,8121,10902,15415,22135,27658,35820,40945,46800,53336,60307,64910,69860,78638,82668,88272,93652,100269,106730,110944,109806
403,2524,8142,11738,15092,18782,22464,27908,32271,37279,39456,45976,49116,52763,60276,63769,68210,72480,78257,82820,87926
404,11870,16932,23388,31411,38134,47407,58445,65816,69374,81924,87536,97223,102659,107252,112415,119541,126368,131855,144812,155618
405,1861,5335,9179,14725,18332,20595,23313,26805,29097,30983,33331,38611,40811,43121,50831,53097,56606,55924,59618,60109
406,8459,11335,17251,24430,30037,36544,41420,47259,55172,57644,66406,70747,79978,84450,89090,95368,102043,107917,113206,112497
407,1807,7265,11593,15539,20658,23280,28894,33536,38824,41218,43755,50769,54867,62080,66829,70286,76034,82342,86799,92107
408,15342,14932,21600,31313,37763,46711,52879,59712,69015,73872,83089,88198,91995,102436,107490,115167,123542,128707,134756,131906
409,2133,5604,11480,13851,18696,19252,24232,25908,27544,32077,37085,36896,42455,44785,48233,54918,58201,58101,62051,72663
410,8596,11805,17989,23021,28464,34176,38952,48468,51229,58146,62137,72249,76421,80306,90851,97342,96128,109654,115363,121576
411,1649,7061,11387,15060,18806,23381,26605,30707,35876,41247,43642,50156,54501,57632,61242,65095,76413,74281,80859,85017
412,21104,15333,23509,31571,41586,48901,59753,67099,76052,76501,85959,91470,96176,106815,111559,119754,119186,132836,139512,136732
413,2013,5551,10636,14112,17242,19823,22622,24228,27819,32146,37312,37245,42861,45549,49456,52482,60138,59238,63155,78854
414,8210,11421,17423,22471,27954,31517,38264,44238,50168,53300,61251,65718,75870,79644,84902,89746,96510,103411,109559,116581
415,1992,7510,11776,15567,19357,24177,27316,31207,36425,42821,45010,48491,56232,59322,64289,73425,71827,77892,82956,89613
416,13454,15827,24394,32895,42863,45724,56074,62795,67033,73515,76756,88802,93672,97731,103154,107536,115675,124009,130299,131815
417,1961,5686,9485,12778,15729,19406,21713,25128,27017,34176,39785,42382,41811,48432,52687,55080,61858,61666,61708,71843
418,8180,11459,17244,20522,25091,33376,37510,43412,50481,58300,62189,66348,76279,80327,85267,90629,96885,104668,110622,116761
419,2022,7591,11771,15918,19517,23792,29874,31897,36285,41703,44441,52719,55801,59725,67648,71999,76891,74948,80654,91169
420,13768,16430,26058,31873,40788,47944,54330,60718,69679,70757,79890,85014,88341,99313,103810,111531,118895,125444,130188,144618
421,2096,5750,8641,12930,15952,19582,22616,28250,30188,34836,40461,43467,51025,54682,57369,60811,64251,69078,73980,72602
422,8250,11470,15684,20743,27621,34113,39055,45010,50950,59103,63090,68007,73748,81559,86323,92624,98545,105192,112375,122692
423,1928,7301,11697,15584,18865,23352,26708,30213,35287,40655,42750,50549,49909,56770,60873,64207,68601,73025,78712,81427
424,13678,17577,24148,32411,38859,45493,51696,57634,65726,71105,80169,85770,90060,99258,105055,111771,119120,124328,128837,148735
425,1768,4618,8932,12071,14871,18679,23230,26626,31339,36644,41462,44911,47836,51870,59202,62529,66415,72158,77512,59790
426,8040,11182,16547,21936,29001,36085,40981,46804,53786,57355,66243,71821,75272,84828,91440,97868,105288,111907,117996,113453
427,2464,8016,10983,16907,20136,22883,28556,33069,38501,40979,46445,50871,57957,61435,65846,70957,75717,81223,80288,91315
428,11694,16016,24148,30045,36199,45446,50986,62041,64861,76059,80433,85589,96035,100405,106370,113299,119720,126523,131642,146133
429,1715,5205,8859,13082,16265,21969,25087,28433,33083,35172,37812,40295,47165,46534,50373,53454,56671,60954,65235,65314
430,7990,10940,17794,23755,29531,36189,41415,51881,55450,63212,68161,73791,83511,88822,94407,101584,108518,114651,120149,123214
431,2310,8008,12331,16326,20388,24817,28327,32264,38175,39849,46104,49700,53433,56539,60952,65026,69327,74949,80259,84758
432,13367,15275,23378,31897,38468,47858,54321,60940,70461,83826,88784,95316,99967,111867,118625,127043,135049,141910,147619,142924
433,1747,5431,8799,13247,18003,20309,23644,27080,29062,31082,35832,38442,40928,40744,47902,47548,51528,54565,57782,67918
434,7741,10784,17899,23886,28979,32669,41409,47661,50539,57300,60841,72092,76237,79955,84819,90593,97922,104586,111610,117522
435,2371,7938,12157,16147,20025,25053,28303,29698,38332,41087,43847,50775,55503,58374,62701,73040,71568,76012,82908,88406
436,11781,14549,25270,33376,40105,51685,58663,66491,76036,78534,89136,95928,99663,111585,117650,116039,123752,132648,140070,135336
437,1780,5238,9627,13237,17733,18664,21584,25206,26416,30520,32635,35065,37215,40092,46235,50693,53733,53476,56665,65526
438,7815,10872,18061,21715,29628,32800,41015,43715,50139,58264,67678,73038,76376,80427,92593,92133,98550,106855,112250,120296
439,2279,7811,10563,14526,19375,22492,28742,29865,34811,40727,43025,46404,54425,57834,60569,71919,70705,76090,81430,86457
440,13225,17860,25328,34630,41737,50429,57222,64688,73614,75718,85508,91470,96322,106846,111742,121321,130190,129070,141764,137839
441,1830,5947,10037,13189,16356,19132,22176,25533,27160,31257,33718,36683,41993,44906,48617,52699,55785,59933,59621,82067
442,7700,12194,16046,21509,26404,32481,37235,43448,50315,58414,61887,67093,78317,81637,86530,93149,100112,108316,114978,122144
443,2395,6953,11474,15319,20987,23478,29469,34256,35749,42130,45062,48059,51009,60635,63223,68006,72575,76942,76787,82715
444,11711,18206,27208,35154,42495,48422,55986,62230,71956,73737,83400,89337,93582,97771,103459,108449,117017,125919,131346,133123
445,1871,6124,9116,12391,15586,19008,22151,25162,26934,31300,35963,39235,44666,48402,52092,55289,59338,61850,66477,71362
446,8145,10793,16676,20326,25072,32946,38265,43577,50312,59268,62857,74414,78400,82742,87388,94050,101108,108593,115041,121326
447,2614,7353,11402,15577,19229,23695,27896,34669,36168,42447,44831,48109,57341,60996,64580,68302,72324,77083,84042,89091
448,11054,16951,26147,31603,41028,47938,54932,60823,69935,70455,79412,85106,89675,94453,98379,104800,112143,119566,125703,136939
449,1821,5365,9158,12431,15287,19305,22805,27812,29784,34542,40159,42688,46213,49700,57989,61640,66270,71120,70798,74492
450,8623,11501,15496,22253,27373,34060,39156,44733,51627,60762,64084,75924,80043,86011,90124,97479,104849,112187,118443,122243
451,1700,7074,11483,14901,18464,22827,25794,30110,34981,37128,42468,45572,49221,53192,60478,65208,69068,67797,73617,79190
452,21061,18615,25206,33915,40726,47689,54710,61159,70007,82213,86838,92528,104414,109442,115214,122860,121357,129514,142803,163203
453,1754,4539,7968,12135,15052,18702,21492,27167,28761,33192,35757,38974,41706,48565,53167,56331,59603,64531,62645,57295
454,7436,10607,16038,21570,26481,32516,41271,48021,50238,58092,68261,73647,76018,80833,94172,92488,100789,108295,119307,110297
455,4330,8313,11695,17070,21058,23545,29265,30928,40283,43018,44734,52974,58243,62244,65126,70266,75219,80191,86656,92211
456,7928,19061,25083,31731,38249,48142,54727,62104,70477,75233,86581,85020,95727,101365,106564,113263,122309,129366,135068,147457
457,1846,4619,8903,12181,16522,20360,23238,27040,28788,30434,32852,38249,40533,43184,46688,50787,58507,57830,57110,60671
458,6342,12134,16223,21595,29323,32999,41660,48459,55962,59106,69148,68697,78680,83615,88778,93741,100973,109496,114438,118212
459,4365,7686,11135,16671,20169,25548,29462,30740,35598,41720,43972,52752,56360,59856,63358,72881,71733,76620,83607,88339
460,8306,17266,23523,32677,39635,48036,54696,61883,70303,78812,89809,97329,100526,113120,120156,128838,126715,136276,148734,139265
461,1586,4894,8464,12843,15998,19568,20909,25929,25518,29636,29707,33961,36939,39024,42485,45512,52393,52072,51898,64365
462,6076,11586,16689,22260,27684,34757,39962,46135,53629,56514,58936,71291,75467,78383,83078,88581,96127,103692,100994,114376
463,4284,7329,11633,15686,21102,23453,27273,31054,36038,38290,44649,47143,51812,58395,61555,66554,71977,77265,78082,87473
464,8301,16039,26650,32422,42506,49803,61058,69323,72459,83226,88304,100630,104734,109952,114835,123857,133371,144929,150349,141788
465,1569,5436,8885,13528,16388,17463,20094,23274,24836,28852,30540,32887,38002,41085,44203,48078,55219,54309,58312,74971
466,6097,11397,16364,22072,26754,33345,37199,42870,50801,57350,62000,67583,77085,82495,87894,95131,101416,108006,113504,120063
467,4157,7114,12445,15139,20451,22962,29163,33069,35243,40583,43227,46535,54095,57163,61437,65032,70271,76586,81135,85672
468,9111,17037,26119,35663,42981,53872,60475,68593,77480,74969,86534,90684,95012,105613,113434,121047,120503,131005,136481,131565
469,1623,5476,10133,12239,15282,17698,20146,23230,26875,33374,35521,37783,40511,47098,50313,49937,56642,56851,66031,76444
470,6702,11469,16401,21720,26908,33272,37609,42868,49682,57805,66205,70094,75262,85469,91659,99130,98978,110619,115828,124436
471,4067,7366,11454,15017,20657,23258,26474,33427,35720,40850,43583,51849,55123,57601,60481,65970,77790,76049,81036,85359
472,9038,17181,26977,36520,43567,44892,55536,62536,70466,77651,82606,86509,96931,100377,108102,115184,115682,125679,131006,136537
473,1509,5198,8720,11892,14975,18223,21445,24505,28431,32726,37836,40800,44272,47654,51152,54734,63744,63292,68742,79528
474,6417,10869,15491,20762,25317,31664,35886,45105,47621,55297,65115,68680,72183,84760,90914,99165,98700,111135,116581,123441
475,4638,8411,12345,14799,20202,25337,28917,33492,39998,46276,49176,54123,62170,65266,71440,70252,75677,81228,86468,90937
476,8773,16824,27785,32014,38834,46860,53563,60780,68898,67000,72178,81980,85884,91252,96018,103695,111849,117158,121826,138783
477,1614,5225,8533,11591,15983,18291,23435,27055,29169,38076,40194,43075,50773,50125,57586,56584,65003,64941,69913,64388
478,6549,11036,15724,22738,28635,36403,41666,48255,51196,60955,65527,75183,79645,84600,91204,97311,105226,112429,117312,123180
479,3913,8330,11177,16284,20357,25024,29224,30772,36607,42152,45488,49109,53588,61685,66570,70946,75470,74379,80696,85839
480,9222,18571,25820,33543,41056,47639,54564,61752,69459,78739,84075,94877,99564,105086,111470,118923,128404,135137,139865,153417
481,1518,4432,8483,11494,14379,18272,21227,24563,28511,30721,35933,35056,40957,44817,48835,51381,54660,54052,62809,57425
482,6400,10860,15673,23257,29009,32966,42105,49079,51586,60262,65069,74641,80102,84048,90724,97130,104132,111296,116345,113509
483,4645,8244,12253,16649,20446,26406,29077,31261,36144,41940,44434,47409,51313,59259,63300,67920,72254,71168,77817,87546
484,9388,17017,26094,31942,38827,50481,58086,65750,74346,79851,93263,97590,102438,109174,115408,123245,132631,138812,153501,164266
485,1461,4363,8329,11311,15355,17467,20225,23111,26835,26733,30759,32996,35400,37396,40708,44273,44014,50222,49732,49875
486,6117,10429,15318,22495,27875,34316,39763,46494,53416,56530,65590,69777,74629,78360,83770,89762,88562,104576,101452,99524
487,4352,7667,11477,15198,18754,22928,26799,30367,35657,42297,43820,47983,55149,58929,63994,68432,66991,79912,80455,79443
488,8591,17886,22994,36188,43932,53105,60685,68846,77497,84044,88305,99968,106341,112535,119518,128760,151578,140257,154485,159630
489,1552,4830,8659,11407,14255,16241,19021,21388,23019,24674,28274,30111,32148,36698,36464,41780,41311,43651,46585,57164
490,6012,10939,15866,22701,27809,34472,39345,45555,46363,49777,58957,61377,64940,75159,73531,88320,83959,91785,94448,112893
491,4141,7167,12364,15758,19931,24458,28486,32105,37446,39891,47699,51309,54166,63051,62012,72722,72236,76204,79503,93791
492,10310,15787,27572,34789,45343,51157,57797,71183,81270,87623,97775,101759,117808,114170,131573,135318,144648,155677,161053,157219
493,1536,4921,8834,11768,14623,16972,19600,20950,25909,30344,30117,35126,37215,44897,46976,44047,53926,53367,63650,68901
494,6884,10988,15565,20422,24913,31020,39189,40213,51325,55151,58706,67570,70259,84632,90612,82121,100655,99784,111778,120767
495,4321,8421,12124,16066,19403,24362,26886,31703,36077,42060,45534,48137,54813,53120,62521,63201,71879,76565,81514,81559
496,7969,17299,26458,34312,45219,52338,64468,71243,73284,79552,87720,92602,94824,104534,110933,122418,125848,130659,137239,125160
497,1313,4595,9102,11357,13702,16013,18707,21486,24963,29089,31126,36019,43384,46193,49150,56663,56522,67497,66448,80824
498,5543,10284,16184,21575,26287,33714,38433,44883,52402,61886,64806,75000,80386,87264,93486,98943,109905,114897,120852,123102
499,4053,8098,11487,15480,21998,24102,28176,32847,38362,40269,49096,50363,59450,58103,62123,68111,73587,79714,82780,91198
500,9801,20155,29911,39972,43717,50441,62911,70990,74274,88695,93563,107122,105591,125884,137003,144739,143532,160407,169135,191031
501,1379,4718,8209,10269,13179,16427,19195,22484,24511,26304,30471,32426,35279,35078,37842,40956,41447,44579,44153,44134
502,6278,11155,14248,18760,25834,29501,33612,38959,46480,47899,58815,61090,66404,64418,68298,73578,73722,79906,77934,77413
503,4396,7155,10917,14974,18337,23678,26913,32112,36585,39637,40952,49271,53019,52999,56143,60271,59890,64658,64143,63919
504,9187,19232,29501,34248,41784,52064,57876,65920,76818,75170,85373,89109,96687,101425,110026,123616,130522,136036,155572,187221
505,1360,4611,7972,11921,14900,17525,20674,23952,25335,36186,34461,38541,46142,54222,57945,62055,66856,72759,70766,53757
506,6132,11179,15613,21394,26069,33526,38986,45936,51987,56524,65998,70077,74942,79817,85513,92140,98256,102187,104816,97554
507,4543,7637,11569,15644,21620,25014,28776,33905,39700,48090,50068,53433,57095,60876,65879,69225,76356,80370,89524,84461
508,9346,20001,24798,36188,43419,46706,52615,60821,68579,82455,87907,99274,105921,114034,122096,130857,145495,151764,158046,178246
509,1259,4200,7766,10567,14654,16904,21340,22554,24318,25947,27914,30112,35610,42898,42364,46179,44916,48815,48933,58116
510,6094,11040,16110,21507,26656,34597,40584,47442,53939,57609,61778,64103,74060,79144,85313,92514,89497,95917,94826,102932
511,4496,8382,11365,14913,18641,22827,26335,30371,34839,37479,45316,48651,55247,60264,64606,63443,69571,74835,73791,80789
512,9228,17984,27341,33152,40381,55457,62965,70616,81806,87866,100060,103583,111384,120047,129444,136201,150013,157962,178480,174307
513,1239,4518,7975,12105,15261,17301,20315,23870,23473,27303,26734,34489,36690,36571,39932,44264,46639,50330,53854,57963
514,6383,11196,15832,21151,26181,32703,37222,43562,45051,53330,51299,66797,71074,69686,74358,81406,85980,93052,95461,99965
515,4493,7527,11333,15772,21721,23837,30375,32366,38442,45946,44715,56303,60239,60575,63765,68024,73472,78326,81684,85308
516,8770,17546,24809,35117,43104,46214,59043,67087,76528,76225,95051,93204,99332,116319,126528,133716,148502,155655,162886,158376
517,1130,4302,8632,11766,14398,16647,19066,22204,24056,29032,30881,33422,35708,38671,41933,45475,44723,45028,52061,66969
518,5833,10786,17581,20422,28869,32848,41412,47896,49920,54786,61854,67002,71115,75132,80686,87721,84515,84308,96166,114540
519,4203,8510,10835,16612,20180,25413,29239,31042,41680,45291,47393,55685,60048,63063,67874,74046,73380,73127,80741,87780
520,10678,15992,27245,34400,41982,53492,59906,67556,70611,90143,99086,106792,113504,120326,129887,136994,151251,170441,167144,153175
521,1273,4430,8964,11997,15087,17306,18302,21575,25225,25436,29506,29046,33935,40812,40343,40433,47754,50703,54893,72809
522,6163,11565,16254,21524,26731,33534,38742,44692,52507,49697,58825,57768,66718,76845,74936,74372,86800,91775,97068,110628
523,4284,7671,11129,15151,21809,23781,30533,32487,38062,41612,49799,48792,56231,64276,63969,65051,74179,79352,82248,85927
524,8023,18831,27726,35874,39160,57276,58053,73870,77178,83509,86291,98829,104242,101966,123441,130367,134167,139245,146516,154921
525,1354,4475,8864,11963,15037,14383,17916,19232,22271,26301,28547,33421,36263,44629,43555,51134,49998,53766,58841,58310
526,6124,11317,15922,21641,28352,30256,40000,40663,47807,55315,60784,69719,72368,79157,82992,91551,97575,101238,105771,105497
527,4325,7190,10822,14668,18956,24192,27572,33075,38715,45606,50127,52208,60658,59640,70963,68812,74047,83529,87699,88881
528,9047,18204,28392,38925,49578,50069,64926,72080,75904,81633,95655,99931,105634,126430,121787,131996,148209,154932,162493,177910
529,1259,4062,8406,10696,12383,16073,17019,19626,22290,26138,25459,29900,32651,31512,38181,45571,41207,44751,47783,51402
530,6252,10966,16308,22196,27520,36305,35829,41918,49964,59886,57107,66240,70358,67367,79541,93325,82741,89938,95902,100545
531,4250,8209,10358,14242,17843,19807,25952,30249,35259,35839,40154,47088,50079,50260,58202,61035,62935,68888,72967,77445
532,8898,20716,29455,35027,43033,58518,64628,74168,87318,94507,98925,104076,110832,130527,130362,145321,157553,168847,165739,191768
533,1027,3695,7002,9388,12159,13050,16706,18124,21723,23257,30424,33536,35138,38093,43068,42816,50406,46026,53569,49103
534,5786,9948,17188,22403,27379,27516,35537,37616,43931,46094,60531,64981,68874,71733,79096,77343,88853,81267,93244,86225
535,4410,8005,11254,15475,19112,22387,28476,30214,34474,36360,41736,48357,52474,55680,59519,59497,68386,63125,71472,67747
536,10507,21136,26222,39680,48961,54716,62587,69915,73535,98428,104553,111697,120230,126017,136124,150476,154509,176618,177387,193209
537,985,3971,7970,10100,12071,16853,19765,24478,26695,24858,27314,29268,35402,39186,42472,42223,46691,50243,53825,53461
538,5203,9572,16537,18984,23826,29550,33632,43879,46479,47950,52276,55558,65040,70454,76448,73891,80944,86181,90651,90267
539,3862,7285,10549,14550,18706,23292,27093,31897,37895,40546,45655,47833,56154,59439,64452,64169,69798,73533,77484,77656
540,11864,19689,28654,34373,42471,56643,65086,73173,77856,95868,102414,109889,117924,128078,136441,151701,158194,165911,177516,195065
541,978,3920,7612,10336,13299,14972,17521,20396,24342,24266,25919,31031,31022,37636,38030,41460,44364,49447,53265,52386
542,5020,10450,15810,21068,30371,32233,37343,43838,52455,49115,53156,62077,62231,73149,71033,76731,84114,89030,93420,94127
543,3631,7813,10341,15381,16709,23153,26761,30159,31434,34823,37676,43174,41974,48537,48116,52305,57183,61909,65011,64967
544,12553,19968,24981,35262,49887,60479,66985,78471,94086,106599,114978,122537,149889,151096,170221,178406,187607,182378,196423,194761
545,1152,4378,8741,11817,12192,15588,18132,19722,21054,23604,28037,30411,27464,29782,32610,35014,38555,44685,44536,51648
546,5032,10064,14659,20329,24465,30807,35636,37515,39881,41950,50868,54360,49624,52961,56721,60662,65542,79353,78105,88634
547,3690,8107,11926,15954,20215,25481,29705,31602,34438,36072,44104,46527,42630,45909,49235,52486,56466,68218,67491,77345
548,11330,18136,28999,38094,44179,53163,62969,81721,85573,99588,104995,112687,134659,153726,158939,166282,176738,174980,204450,197292
549,1048,4115,7539,10358,13469,14198,18157,17850,22914,25015,27163,32178,31738,29038,34201,37634,41294,44307,41088,47521
550,4868,10315,14984,20024,25563,29114,37347,35564,46098,49336,53705,61562,59149,54307,62676,67834,72848,79796,72583,84792
551,3600,7994,11409,15715,19385,22889,30176,28665,36007,39940,43903,49417,49144,46034,52407,56948,61611,67481,61944,70767
552,11256,19838,27654,36883,51816,59776,70856,88078,93768,86563,101177,106896,125016,141729,148316,156746,166340,179324,187380,188076
553,980,4021,7985,10098,10765,13899,13646,16228,19003,26870,26749,31387,33382,33429,38117,42170,45198,44449,47997,57515
554,5103,10475,16533,22952,22245,28534,27394,31776,37530,53529,52448,60904,63632,63502,68368,73925,80564,80690,86799,98225
555,3751,8170,12039,16330,19442,24819,24229,27729,33471,48435,47622,55573,59702,58733,62865,69165,74454,75234,80372,89632
556,10441,19050,27049,38450,50257,50211,64173,72227,75750,81573,99391,96765,111015,119834,126541,132863,137017,156304,152985,141777
557,1090,4350,8778,9993,11702,15994,18586,21592,26088,27914,30701,33603,36784,45669,48505,52824,52431,57668,63661,76592
558,5140,10784,15929,21649,25013,34233,39488,46208,54541,61009,63482,68469,71471,75807,81767,89844,99031,103042,108227,115547
559,3903,8136,11007,14995,19361,23602,27761,32487,38703,42042,45679,48705,56056,60329,66571,65171,71554,76068,80976,85284
560,8831,17530,27538,31460,41676,55285,64147,70884,75768,76811,78400,91148,94210,102408,112366,118977,124901,130771,137046,149435
561,1510,3680,7685,10511,13077,15389,16143,20592,22425,25780,29647,35469,39370,41403,45085,48218,52029,52074,64244,62575
562,6979,9450,15111,20159,27284,30236,31660,40241,43008,51805,54697,63511,67998,73815,79697,85065,90201,93580,99101,105625
563,3781,6705,10671,14363,18162,23441,25292,30763,33381,38549,40702,46293,49849,53485,58732,62314,64914,69087,71103,76648
564,8616,22190,28936,41307,49793,49997,62893,71367,82883,97345,113959,108729,129390,133620,139175,161150,172029,183341,180478,193354
565,1432,3832,7600,9874,11502,16311,20256,24358,25970,25168,27581,35462,35178,38323,43969,39952,40020,43196,50487,49960
566,6436,9439,15289,18496,23098,32366,36506,42344,44976,48139,50413,65219,62146,68381,81090,73062,72428,77654,86925,86037
567,4925,7324,11559,14418,18565,24413,28324,29428,34359,37019,39936,48669,48249,52153,61040,56415,56012,59857,66490,66563
568,9225,19742,26963,31738,44704,53699,63938,75878,86581,100752,105638,104257,122995,140855,136541,171387,184985,197548,196298,239417
569,1267,3515,6932,10374,13194,13975,17377,18395,21179,21186,24816,28879,28476,30775,30449,30178,30062,29997,34562,25715
570,5325,8981,15833,21820,29061,29768,36594,38327,45782,44266,51191,61552,59330,63457,63999,60490,60746,60278,71918,51006
571,3664,6836,12369,16457,20116,24838,30861,33179,40955,39725,45756,54226,53143,58219,57852,57340,57078,57125,68542,47884
572,9677,19491,24353,37808,44330,53393,59482,75664,79376,96521,102529,116107,140114,143617,170424,176083,169566,165917,181198,132659
573,1405,3675,8253,10294,11824,16504,19428,20596,22371,24541,32487,26419,28497,31208,28171,30585,39949,42597,46391,70238
574,5950,8777,16692,22251,24972,35714,40141,41446,44893,47787,61886,50807,52757,58110,51984,55371,74084,78188,80205,103188
575,4414,6948,11836,15972,20429,26051,30019,35848,38975,42260,48870,44276,48391,52509,47098,51793,67584,70198,73863,88986
576,20797,16478,27530,32627,44452,54553,61115,70000,80978,97784,93906,128610,125604,140875,161929,153074,167253,178755,216492,200322
577,945,3577,7847,11214,14076,13758,17688,19054,22393,23881,26473,26137,34371,34448,30611,39493,39305,40319,33033,47361
578,4305,8279,14279,21282,25294,26136,33279,35577,41421,44617,47101,45751,60437,59815,51940,70348,69402,68239,56314,77167
579,3158,6273,10680,16519,21024,22742,29530,31746,38629,41355,45517,43420,58148,56911,51044,67665,68201,67577,55376,74501
580,11335,21944,26870,36270,42000,65469,67903,76477,87716,83905,93357,112312,112936,129336,150318,145125,157869,169606,149001,190282
581,1016,3349,8689,10992,14215,13607,18348,21166,23570,34389,38453,34503,40969,43417,39792,50591,51137,51099,65980,55137
582,3969,7865,15689,22616,30829,28565,37311,43769,48194,56091,67270,64173,70365,76179,73670,89982,89952,89083,106696,91698
583,3070,6280,11331,14013,17088,20880,26128,30580,33144,34939,36292,44213,48961,54438,53898,60755,64956,65504,78507,69445
584,14714,16106,27727,41491,48580,51011,58687,65865,74758,87714,109120,113516,116736,119888,132651,131608,141183,165746,161813,177246
585,941,3545,8153,8556,11577,16018,17337,22657,24570,27905,24585,29540,33545,39326,41899,46662,52341,51250,56771,56496
586,3715,8073,16606,18643,26296,36681,40148,53606,56557,59798,55210,63348,72882,84569,88663,92323,98557,98463,104865,99501
587,2765,6399,11265,14437,21535,25134,33400,36286,38790,45863,46275,53748,60194,64229,70588,78851,78772,84063,88730,87393
588,10528,20647,29309,34237,35331,42231,46498,51349,65755,64527,79295,74784,82365,88151,90082,96810,102507,109878,117922,145527
589,2132,3621,6460,8574,11951,15386,17867,19052,20757,26576,26033,32563,32630,32769,38629,43304,46669,49600,52662,51920
590,5339,7815,14164,17665,22791,26491,30971,33133,42539,45732,55791,53886,60340,63678,67016,70480,75155,80460,84680,95069
591,4024,5928,10580,14476,18532,21694,25537,28031,35605,38830,46657,46067,50784,55422,59217,62500,66946,71180,74879,86274
592,13504,20922,31792,51628,70443,62183,69836,78997,95908,99788,108100,126114,134026,143348,153158,187998,182000,201312,197522,211318
593,721,3527,6494,7471,8041,15528,18872,20318,20465,23850,28301,24915,28807,30858,33472,26094,33288,30742,36209,35793
594,2925,8415,14906,16217,17192,33617,40413,43866,42071,47396,58920,52175,56387,62334,68278,49660,67163,63066,71749,70692
595,2405,6253,10968,12590,13169,20971,24609,29636,29494,34189,42141,37565,41354,45191,50295,36621,49593,45092,52465,51539
596,28893,20579,32265,39339,52744,52256,58865,66628,80294,90940,85892,119493,115156,124880,135156,104068,126372,123845,153559,157052
597,740,3822,5174,8335,9571,13436,16195,19047,23795,24944,30080,24176,28978,31603,35377,51458,50947,54657,46769,49727
598,2552,9009,12129,20411,23774,36132,44718,51743,62148,66281,77123,63667,73514,77358,81912,94098,106565,106928,99732,103946
599,2179,6863,9624,17111,20536,30504,32595,39767,41192,52893,48995,59351,67460,73179,77751,89365,103408,99127,94065,102214
